metric,t_stat,p_value,reject_null
config_files_changed,2.244035563059265,0.02567402101255128,True
app_code_files_changed,-4.2888811022790785,2.0105537793695032e-05,True
other_files_changed,0.20691148892427838,0.8361876529663638,False
total_files_changed,-1.3529517415902979,0.1763277334138683,False
config_files_lines_changed,2.244035563059265,0.02567402101255128,True
app_code_files_lines_changed,-4.277973358582469,2.1099073421758876e-05,True
